status	path
M	oplus/kernel/charger/v2/Kconfig
M	oplus/kernel/charger/v2/Makefile
M	oplus/kernel/charger/v2/Makefile.json-build
A	oplus/kernel/charger/v2/boost_ic/oplus_sc83107.c
A	oplus/kernel/charger/v2/boost_ic/oplus_sc83107.h
M	oplus/kernel/charger/v2/charger_ic/oplus_hal_adsp.c
M	oplus/kernel/charger/v2/charger_ic/oplus_hal_adsp.h
M	oplus/kernel/charger/v2/charger_ic/oplus_hal_hl7603.c
M	oplus/kernel/charger/v2/charger_ic/oplus_hal_pd_manager.c
M	oplus/kernel/charger/v2/charger_ic/oplus_hal_sm8450.c
M	oplus/kernel/charger/v2/charger_ic/oplus_hal_sm8450.h
M	oplus/kernel/charger/v2/charger_ic/oplus_pmic_glink_id.h
M	oplus/kernel/charger/v2/config/dynamic_cfg/oplus_comm_cfg.h
M	oplus/kernel/charger/v2/config/dynamic_cfg/oplus_ufcs_cfg.h
M	oplus/kernel/charger/v2/config/ic/buck_boost.json
M	oplus/kernel/charger/v2/config/ic/charge_pump.json
A	oplus/kernel/charger/v2/config/ic/dischg_boost.json
M	oplus/kernel/charger/v2/config/ic/gauge2.json
M	oplus/kernel/charger/v2/config/ic/misc.json
A	oplus/kernel/charger/v2/config/ic/reverse_chg.json
M	oplus/kernel/charger/v2/config/ic/ufcs.json
M	oplus/kernel/charger/v2/config/ic/voocphy.json
M	oplus/kernel/charger/v2/config/ic/wireless_rx.json
M	oplus/kernel/charger/v2/config/oplus_chg_ic.json
A	oplus/kernel/charger/v2/debug/oplus_debug_auth.c
M	oplus/kernel/charger/v2/gauge_ic/oplus_hal_bq27541.c
M	oplus/kernel/charger/v2/gauge_ic/oplus_hal_bq27541.h
A	oplus/kernel/charger/v2/gauge_ic/oplus_hal_bq28z610.c
A	oplus/kernel/charger/v2/gauge_ic/oplus_hal_bq28z610.h
M	oplus/kernel/charger/v2/gauge_ic/oplus_hal_nfg8011b.c
M	oplus/kernel/charger/v2/gauge_ic/oplus_hal_nfg8011b.h
A	oplus/kernel/charger/v2/gauge_ic/oplus_hal_sh366002.c
A	oplus/kernel/charger/v2/gauge_ic/oplus_hal_sh366002.h
M	oplus/kernel/charger/v2/gauge_ic/oplus_maxim/oplus_ds28e30/1wire_protocol.c
M	oplus/kernel/charger/v2/gauge_ic/oplus_maxim/oplus_ds28e30/ds28e30.c
M	oplus/kernel/charger/v2/gauge_ic/oplus_maxim/oplus_ds28e30/ds28e30.h
M	oplus/kernel/charger/v2/gauge_ic/oplus_maxim/oplus_maxim.c
M	oplus/kernel/charger/v2/gauge_ic/sc5891/oplus_hal_sc5891.c
M	oplus/kernel/charger/v2/gauge_ic/sc5891/uecc_lib/micro_ecc/uecc.c
M	oplus/kernel/charger/v2/gauge_ic/sc5891/uecc_lib/sha256.c
M	oplus/kernel/charger/v2/gauge_ic/sc5891/uecc_lib/sha256.h
M	oplus/kernel/charger/v2/hal/oplus_chg_ic.c
M	oplus/kernel/charger/v2/hal/oplus_hal_vooc.c
M	oplus/kernel/charger/v2/hal/oplus_hal_wls.c
A	oplus/kernel/charger/v2/hal/oplus_virtual_boost.c
M	oplus/kernel/charger/v2/hal/oplus_virtual_buck.c
M	oplus/kernel/charger/v2/hal/oplus_virtual_cp.c
M	oplus/kernel/charger/v2/hal/oplus_virtual_gauge.c
A	oplus/kernel/charger/v2/hal/oplus_virtual_reverse_chg.c
M	oplus/kernel/charger/v2/hal/oplus_virtual_rx.c
M	oplus/kernel/charger/v2/hal/oplus_virtual_ufcs.c
M	oplus/kernel/charger/v2/hal/oplus_virtual_voocphy.c
A	oplus/kernel/charger/v2/include/debug/oplus_debug_auth.h
M	oplus/kernel/charger/v2/include/oplus_chg.h
M	oplus/kernel/charger/v2/include/oplus_chg_comm.h
M	oplus/kernel/charger/v2/include/oplus_chg_cpa.h
A	oplus/kernel/charger/v2/include/oplus_chg_dual_cells_protection.h
M	oplus/kernel/charger/v2/include/oplus_chg_monitor.h
M	oplus/kernel/charger/v2/include/oplus_chg_mutual.h
M	oplus/kernel/charger/v2/include/oplus_chg_symbol.h
M	oplus/kernel/charger/v2/include/oplus_chg_ufcs.h
A	oplus/kernel/charger/v2/include/oplus_chg_ufcs_pr.h
M	oplus/kernel/charger/v2/include/oplus_chg_vooc.h
M	oplus/kernel/charger/v2/include/oplus_chg_voter.h
M	oplus/kernel/charger/v2/include/oplus_chg_wls.h
A	oplus/kernel/charger/v2/include/oplus_dischg_boost.h
A	oplus/kernel/charger/v2/include/oplus_gamepad.h
M	oplus/kernel/charger/v2/include/oplus_hal_vooc.h
M	oplus/kernel/charger/v2/include/oplus_hal_wls.h
M	oplus/kernel/charger/v2/include/oplus_mms.h
M	oplus/kernel/charger/v2/include/oplus_mms_gauge.h
M	oplus/kernel/charger/v2/include/oplus_mms_wired.h
A	oplus/kernel/charger/v2/include/oplus_reverse_chg.h
M	oplus/kernel/charger/v2/include/oplus_strategy.h
A	oplus/kernel/charger/v2/include/recovery/oplus_chg_recovery.h
A	oplus/kernel/charger/v2/include/recovery/state_keep.h
M	oplus/kernel/charger/v2/mms/gauge/oplus_gauge_common.h
M	oplus/kernel/charger/v2/mms/gauge/oplus_sili.c
M	oplus/kernel/charger/v2/mms/gauge/oplus_sili.h
M	oplus/kernel/charger/v2/mms/oplus_mms.c
M	oplus/kernel/charger/v2/mms/oplus_mms_gauge.c
M	oplus/kernel/charger/v2/mms/oplus_mms_wired.c
M	oplus/kernel/charger/v2/mms/sec/oplus_sec.c
M	oplus/kernel/charger/v2/monitor/oplus_chg_track.c
M	oplus/kernel/charger/v2/monitor/oplus_chg_track.h
M	oplus/kernel/charger/v2/monitor/oplus_monitor_core.c
M	oplus/kernel/charger/v2/monitor/oplus_monitor_internal.h
A	oplus/kernel/charger/v2/monitor/track/oplus_track_state_keep.c
A	oplus/kernel/charger/v2/monitor/track/oplus_track_state_keep.h
M	oplus/kernel/charger/v2/oplus_batt_bal.c
M	oplus/kernel/charger/v2/oplus_chg_comm.c
M	oplus/kernel/charger/v2/oplus_chg_core.c
M	oplus/kernel/charger/v2/oplus_chg_cpa.c
A	oplus/kernel/charger/v2/oplus_chg_dual_cells_protection.c
M	oplus/kernel/charger/v2/oplus_chg_dual_chan.c
M	oplus/kernel/charger/v2/oplus_chg_gki.c
M	oplus/kernel/charger/v2/oplus_chg_plc.c
M	oplus/kernel/charger/v2/oplus_chg_pps.c
M	oplus/kernel/charger/v2/oplus_chg_state_retention.c
M	oplus/kernel/charger/v2/oplus_chg_ufcs.c
M	oplus/kernel/charger/v2/oplus_chg_vooc.c
M	oplus/kernel/charger/v2/oplus_chg_wired.c
M	oplus/kernel/charger/v2/oplus_chg_wls.c
M	oplus/kernel/charger/v2/oplus_configfs.c
A	oplus/kernel/charger/v2/oplus_dischg_boost.c
A	oplus/kernel/charger/v2/oplus_gamepad.c
M	oplus/kernel/charger/v2/oplus_parallel.c
A	oplus/kernel/charger/v2/oplus_reverse_chg.c
M	oplus/kernel/charger/v2/oplus_smart_chg.c
A	oplus/kernel/charger/v2/recovery/oplus_chg_recovery.c
A	oplus/kernel/charger/v2/recovery/state_keep/detection/vooc_disconnect_detection.c
A	oplus/kernel/charger/v2/recovery/state_keep/detection/vooc_disconnect_detection.h
A	oplus/kernel/charger/v2/recovery/state_keep/detection/wired_disconnect_detection.c
A	oplus/kernel/charger/v2/recovery/state_keep/detection/wired_disconnect_detection.h
A	oplus/kernel/charger/v2/recovery/state_keep/state_keep.c
M	oplus/kernel/charger/v2/strategy/oplus_strategy.c
M	oplus/kernel/charger/v2/strategy/oplus_strategy_battery_smooth.c
A	oplus/kernel/charger/v2/strategy/oplus_strategy_cycle_current_derating.c
M	oplus/kernel/charger/v2/strategy/oplus_strategy_inr_switch.c
M	oplus/kernel/charger/v2/strategy/oplus_strategy_low_curr_full.c
M	oplus/kernel/charger/v2/strategy/oplus_strategy_pcc.c
A	oplus/kernel/charger/v2/strategy/oplus_strategy_pcc_v2.c
M	oplus/kernel/charger/v2/strategy/oplus_strategy_pps_ufcs_curve.c
M	oplus/kernel/charger/v2/strategy/oplus_strategy_pps_ufcs_curve_v2.c
A	oplus/kernel/charger/v2/strategy/oplus_strategy_volt_fastchg_allow.c
M	oplus/kernel/charger/v2/ufcs/include/internal/ufcs_notify.h
M	oplus/kernel/charger/v2/ufcs/include/ufcs_class.h
M	oplus/kernel/charger/v2/ufcs/ufcs_core.c
M	oplus/kernel/charger/v2/ufcs/ufcs_event.c
M	oplus/kernel/charger/v2/ufcs/ufcs_intf.c
M	oplus/kernel/charger/v2/ufcs_ic/oplus_hal_nu2112a.c
M	oplus/kernel/charger/v2/ufcs_ic/oplus_hal_nu2112a_slave.c
A	oplus/kernel/charger/v2/ufcs_ic/oplus_hal_nu2118a.c
A	oplus/kernel/charger/v2/ufcs_ic/oplus_hal_nu2118a.h
M	oplus/kernel/charger/v2/ufcs_ic/oplus_hal_sc8547a.c
M	oplus/kernel/charger/v2/ufcs_ic/oplus_hal_sc8547a.h
M	oplus/kernel/charger/v2/ufcs_ic/oplus_hal_sc8547d.c
M	oplus/kernel/charger/v2/voocphy/chglib/oplus_chglib.c
M	oplus/kernel/charger/v2/voocphy/chglib/oplus_chglib.h
M	oplus/kernel/charger/v2/voocphy/oplus_ap_voocphy.c
M	oplus/kernel/charger/v2/voocphy/oplus_voocphy.h
M	oplus/kernel/charger/v2/voocphy/phy/oplus_hl7138.c
M	oplus/kernel/charger/v2/voocphy/phy/oplus_sc8517.c
M	oplus/kernel/charger/v2/voocphy/phy/oplus_sc8517.h
A	oplus/kernel/charger/v2/voocphy/phy/oplus_sc8527.c
A	oplus/kernel/charger/v2/voocphy/phy/oplus_sc8527.h
M	oplus/kernel/charger/v2/voocphy/phy/oplus_sc8547_slave.c
M	oplus/kernel/charger/v2/wireless_ic/oplus_hal_nu1619.c
M	oplus/kernel/charger/v2/wireless_ic/oplus_hal_nu1669.c
M	oplus/kernel/charger/v2/wireless_ic/oplus_hal_p9415.c
M	oplus/kernel/charger/v2/wireless_ic/oplus_hal_sc96257.c
M	oplus/kernel/charger/v2/wireless_ic/oplus_hal_sc96257.h
M	oplus/kernel/vibrator/oplus_haptic/haptic_common/haptic_common_driver.c
M	qcom/opensource/camera-kernel/drivers/cam_core/cam_context.c
M	qcom/opensource/camera-kernel/drivers/cam_jpeg/cam_jpeg_context.c
M	qcom/opensource/camera-kernel/drivers/cam_smmu/cam_smmu_api.c
A	qcom/opensource/display-drivers/Documentation/oplus-ofp-uiready-compat.txt
M	qcom/opensource/display-drivers/msm/dsi/dsi_display.c
M	qcom/opensource/display-drivers/msm/dsi/dsi_panel.c
M	qcom/opensource/display-drivers/oplus/SM8750/oplus_apuirdim.c
M	qcom/opensource/display-drivers/oplus/SM8750/oplus_onscreenfingerprint.c
M	qcom/opensource/display-drivers/oplus/SM8750/oplus_onscreenfingerprint.h
M	qcom/opensource/wlan/qca-wifi-host-cmn/target_if/direct_buf_rx/src/target_if_direct_buf_rx_main.c
M	qcom/opensource/wlan/qca-wifi-host-cmn/target_if/wifi_pos/src/target_if_wifi_pos.c
M	qcom/opensource/wlan/qcacld-3.0/components/umac/mlme/connection_mgr/core/src/wlan_cm_vdev_connect.c
